{"name":"5fbe59d6-9184-46af-aaaa-57226d6f22b4","id":"/providers/Microsoft.Flow/flows/5fbe59d6-9184-46af-aaaa-57226d6f22b4","type":"Microsoft.Flow/flows","properties":{"apiId":"/providers/Microsoft.PowerApps/apis/shared_logicflows","displayName":"Onhand index query","definition":{"metadata":{"workflowEntityId":null,"processAdvisorMetadata":null,"flowChargedByPaygo":null,"flowclientsuspensionreason":"None","flowclientsuspensiontime":null,"flowclientsuspensionreasondetails":null,"creator":{"id":"c7470c41-dc6f-47d8-bb7b-57a616a9d15b","type":"User","tenantId":"986001e2-831e-41b4-98a2-c9ab402577d8"},"provisioningMethod":"FromDefinition","failureAlertSubscription":true,"clientLastModifiedTime":"2025-01-09T07:58:56.5419908Z","connectionKeySavedTimeKey":"2025-01-09T07:58:56.5419908Z"},"$schema":"https://schema.management.azure.com/providers/Microsoft.Logic/schemas/2016-06-01/workflowdefinition.json#","contentVersion":"1.0.0.0","parameters":{"$authentication":{"defaultValue":{},"type":"SecureObject"},"dynamicscrmonline.organizationName":{"defaultValue":"","type":"String"},"dynamicscrmonline.entityName":{"defaultValue":"","type":"String"}},"triggers":{"manual":{"metadata":{"operationMetadataId":"84598ff8-5bdd-4df8-9d3b-da2e1f61c521"},"type":"Request","kind":"Http","inputs":{"schema":{"type":"object","properties":{"filters":{"type":"object","properties":{"OrganizationId":{"type":"array","items":{"type":"string"}},"ProductId":{"type":"array","items":{"type":"string"}}}},"groupByValues":{"type":"array"},"returnNegative":{"type":"boolean"}}},"method":"POST","triggerAuthenticationType":"All"}}},"actions":{"HTTP_Get_AAD_token_from_oauth2":{"runAfter":{"Initialize_Environment_Id":["Succeeded"]},"metadata":{"operationMetadataId":"ac4dd275-c527-478c-9c64-9ecbf2034dfc"},"type":"Http","inputs":{"method":"POST","uri":"https://login.microsoftonline.com/@{variables('TenantId')}/oauth2/token","headers":{"Content-Type":"application/x-www-form-urlencoded"},"body":"Client_Id=742919f1-f24e-436d-820c-4191dbe00268&Client_Secret=QFC8Q~EgjH5._TZxk1RfJUyN~VueFfoAupYmTc5o&grant_type=client_credentials&resource=0cdb527f-a8d1-4bf8-9436-b352c68682b2\n"}},"Initialize_variable_AADToken":{"runAfter":{"HTTP_Get_AAD_token_from_oauth2":["Succeeded"]},"metadata":{"operationMetadataId":"fc1ea3ff-022e-4f0a-a827-f22d809b1490"},"type":"InitializeVariable","inputs":{"variables":[{"name":"AADtoken","type":"string","value":"@{body('HTTP_Get_AAD_token_from_oauth2')['access_token']}"}]}},"HTTP_Get_Bearer_token_from_Security_Service":{"runAfter":{"Initialize_variable_AADToken":["Succeeded"]},"metadata":{"operationMetadataId":"6cd6778d-242b-4a60-ae46-d170e3015b42"},"type":"Http","inputs":{"method":"POST","uri":"https://gw.us-il105.gateway.prod.island.powerapps.com/securityservice/token","headers":{"Api-version":"1.0","Content-type":"Application/json"},"body":{"grant_type":"client_credentials","client_assertion_type":"aad_app","client_assertion":"@variables('AADtoken')","Scope":"https://inventoryservice.operations365.dynamics.com/.default","Context":"@{variables('EnvironmentId')}","context_type":"finops-env"}}},"Initialize_Environment_Id":{"runAfter":{"Initialize_Inventory_Visibility_Endpoint":["Succeeded"]},"metadata":{"operationMetadataId":"a8b4440c-c27b-4539-b705-409b0403dbce"},"type":"InitializeVariable","inputs":{"variables":[{"name":"EnvironmentId","type":"string","value":"271f08f7-84d9-4ccd-bb85-79e595cabf94"}]}},"Initialize_Tenant_Id":{"runAfter":{},"metadata":{"operationMetadataId":"25a603ac-8b79-460b-9cd0-54f4e13959a0"},"type":"InitializeVariable","inputs":{"variables":[{"name":"TenantId","type":"string","value":"986001e2-831e-41b4-98a2-c9ab402577d8"}]}},"Initialize_Client_Id":{"runAfter":{"Initialize_Tenant_Id":["Succeeded"]},"metadata":{"operationMetadataId":"b694a50a-7b26-4c59-90f4-b6483766653a"},"type":"InitializeVariable","inputs":{"variables":[{"name":"ClientId","type":"string","value":"742919f1-f24e-436d-820c-4191dbe00268"}]}},"Initialize_Client_Secret":{"runAfter":{"Initialize_Client_Id":["Succeeded"]},"metadata":{"operationMetadataId":"abc52289-6f03-493a-a05e-dcf3c71da8f2"},"type":"InitializeVariable","inputs":{"variables":[{"name":"ClientSecret","type":"string","value":"QFC8Q~EgjH5._TZxk1RfJUyN~VueFfoAupYmTc5o"}]}},"Initialize_Inventory_Visibility_Endpoint":{"runAfter":{"Initialize_Client_Secret":["Succeeded"]},"metadata":{"operationMetadataId":"a9b1af88-e3af-46fd-bad9-41c6b05b7717"},"type":"InitializeVariable","inputs":{"variables":[{"name":"InventoryVisibilityEndpoint","type":"string","value":"https://inventoryservice.eus-il105.gateway.prod.island.powerapps.com"}]}},"HTTP_Post_Onhand_index_query":{"runAfter":{"Initialize_variable-AADToken_IV":["Succeeded"]},"metadata":{"operationMetadataId":"c7bd951f-2216-4f8b-a461-3fce3ec0d6c0"},"type":"Http","inputs":{"method":"POST","uri":"@{variables('InventoryVisibilityEndpoint')}/api/environment/@{variables('EnvironmentId')}/onhand/indexquery","headers":{"Authorization":"Bearer @{variables('AADtokenIV')}","Api-Version":"1.0"},"body":"@triggerBody()"}},"Response":{"runAfter":{"Compose":["Succeeded"]},"metadata":{"operationMetadataId":"8959e82d-559e-4903-8d60-064c241b6cba"},"type":"Response","kind":"Http","inputs":{"statusCode":200,"headers":{"content-type":"application/json"},"body":"@outputs('Compose')"}},"Initialize_variable-AADToken_IV":{"runAfter":{"HTTP_Get_Bearer_token_from_Security_Service":["Succeeded"]},"metadata":{"operationMetadataId":"4d0ca0f9-01eb-4f6d-bf70-2669211ff186"},"type":"InitializeVariable","inputs":{"variables":[{"name":"AADtokenIV","type":"string","value":"@body('HTTP_Get_Bearer_token_from_Security_Service')['access_token']"}]}},"Parse_JSON":{"runAfter":{"HTTP_Post_Onhand_index_query":["Succeeded"]},"metadata":{"operationMetadataId":"647d4bf2-8498-493c-a3cb-1301d999f890"},"type":"ParseJson","inputs":{"content":"@body('HTTP_Post_Onhand_index_query')","schema":{"type":"array","items":{"type":"object","properties":{"organizationId":{"type":"string"},"productId":{"type":"string"},"dimensions":{"type":"object","properties":{"siteid":{"type":"string"},"locationid":{"type":"string"}}},"quantities":{"type":"object","properties":{"fno":{"type":"object","properties":{"arrived":{"type":"integer"},"availordered":{"type":"integer"},"availphysical":{"type":"integer"},"ordered":{"type":"integer"},"physicalinvent":{"type":"integer"},"postedqty":{"type":"integer"},"reservphysical":{"type":"integer"},"softreserved":{"type":"integer"}}},"pos":{"type":"object","properties":{"inbound":{"type":"integer"},"outbound":{"type":"integer"},"availquantity":{"type":"integer"}}},"iv":{"type":"object","properties":{"ordered":{"type":"integer"},"softreserved":{"type":"integer"},"totalonhand":{"type":"integer"},"availabletoreserve":{"type":"integer"},"totalavailable":{"type":"integer"}}},"@@iv":{"type":"object","properties":{"@@allocated":{"type":"integer"}}}}}},"required":["organizationId","productId","dimensions","quantities"]}}}},"Initialize_variable_availQty":{"runAfter":{"Parse_JSON":["Succeeded"]},"metadata":{"operationMetadataId":"4b8112fe-6aaa-4339-9194-fddc4fac83a0"},"type":"InitializeVariable","inputs":{"variables":[{"name":"AvailQty","type":"float"}]}},"Compose":{"runAfter":{"For_each-copy":["Succeeded"]},"metadata":{"operationMetadataId":"8e341039-6503-473c-b72c-5812617a01ef"},"type":"Compose","inputs":"@variables('AvailQty')"},"Initialize_variable":{"runAfter":{"Initialize_variable_availQty":["Succeeded"]},"metadata":{"operationMetadataId":"cb5ecac0-e67d-403f-9dc3-f1b018c40f55"},"type":"InitializeVariable","inputs":{"variables":[{"name":"fnoBody","type":"object"}]}},"For_each-copy":{"foreach":"@outputs('Parse_JSON')['body']","actions":{"Parse_JSON_QTY_Body":{"runAfter":{},"metadata":{"operationMetadataId":"f59bbf83-18af-4e2d-9328-f40ac09273d4"},"type":"ParseJson","inputs":{"content":"@items('For_each-copy')['quantities']","schema":{"type":"object","properties":{"fno":{"type":"object","properties":{"arrived":{"type":"integer"},"availordered":{"type":"integer"},"availphysical":{"type":"integer"},"ordered":{"type":"integer"},"physicalinvent":{"type":"integer"},"postedqty":{"type":"integer"},"reservphysical":{"type":"integer"},"softreserved":{"type":"integer"}}},"pos":{"type":"object","properties":{"inbound":{"type":"integer"},"outbound":{"type":"integer"},"availquantity":{"type":"integer"}}},"iv":{"type":"object","properties":{"ordered":{"type":"integer"},"softreserved":{"type":"integer"},"totalonhand":{"type":"integer"},"availabletoreserve":{"type":"integer"},"totalavailable":{"type":"integer"}}},"@@iv":{"type":"object","properties":{"@@allocated":{"type":"integer"}}}}}}},"Increment_variable":{"runAfter":{"Parse_JSON_QTY_Body":["Succeeded"]},"metadata":{"operationMetadataId":"41f5fa53-afd5-41cf-b075-cb3a3abe3696"},"type":"IncrementVariable","inputs":{"name":"AvailQty","value":"@body('Parse_JSON_QTY_Body')?['fno']?['availphysical']"}}},"runAfter":{"Initialize_variable":["Succeeded"]},"metadata":{"operationMetadataId":"5b9e98f6-0ada-4dd4-b16f-1488182e3053"},"type":"Foreach"}},"description":"Executes an on-hand query for the used values."},"connectionReferences":{},"flowFailureAlertSubscribed":false,"isManaged":false}}