{"schemaVersion":"1.0","appDefinitionTemplate":{"id":"/providers/Microsoft.PowerApps/apps/","type":"Microsoft.PowerApps/apps","tags":{"primaryDeviceWidth":"1366","primaryDeviceHeight":"768","supportsPortrait":"true","supportsLandscape":"true","primaryFormFactor":"Tablet","showStatusBar":"false","publisherVersion":"3.24122.12","minimumRequiredApiVersion":"2.2.0","hasComponent":"false","hasUnlockedComponent":"false","isUnifiedRootApp":"false","sienaVersion":"20250111T100100Z-3.24122.12.0"},"properties":{"appVersion":"2025-01-11T10:01:00Z","lifeCycleId":"Published","createdByClientVersion":{"major":3,"minor":24122,"build":12,"revision":0,"majorRevision":0,"minorRevision":0},"minClientVersion":{"major":3,"minor":24122,"build":12,"revision":0,"majorRevision":0,"minorRevision":0},"backgroundColor":"RGBA(0,176,240,1)","backgroundImageUri":"/4620496170081614653/N34ee5c8a-e04a-4658-8597-47dbaa97789e-logoSmallFile","displayName":"Inventory Query App","description":"","aiGeneratedDescription":"Streamline your inventory management with the Inventory Query App. This app enables users to efficiently query and retrieve inventory data based on specific criteria, enhancing operational efficiency and decision-making.","commitMessage":"","appUris":{"documentUri":{"value":"/4620496170081614653/N1104b06f-e368-4b1a-9555-1c613097423b-document.msapp"},"imageUris":[],"additionalUris":[{"isSolutionAware":false,"value":"/4620496170081614653/N6d6f3b68-b0cc-4ea5-a563-1c067c7b5cc1-identity.json"}]},"createdTime":"0001-01-01T00:00:00Z","lastModifiedTime":"0001-01-01T00:00:00Z","sharedGroupsCount":0,"sharedUsersCount":0,"connectionReferences":{"4ba460ad-5c9c-400b-9a4b-574f88b4ca2d":{"id":"2cd492c7-77fe-49b3-9091-d71b572a2249","displayName":"Logic flows","iconUri":"https://connectoricons-prod.azureedge.net/releases/v1.0.1725/1.0.1725.4004/logicflows/icon.png","dataSources":["InvQueryPowerAppsV2"],"dependencies":[],"dependents":[],"parameterHints":{"workflowName":{"value":"ea9f49b3-ee62-4972-bdd2-baaa67bbaeaf"},"workflowEntityId":{"value":"c0607eb8-2ecf-ef11-b8e8-000d3a8b00a6"},"workflowDisplayName":{"value":"InvQueryPowerAppsV2"}},"parameterHintsV2":{"workflowName":{"value":"ea9f49b3-ee62-4972-bdd2-baaa67bbaeaf"},"workflowEntityId":{"value":"c0607eb8-2ecf-ef11-b8e8-000d3a8b00a6"},"workflowDisplayName":{"value":"InvQueryPowerAppsV2"}},"isOnPremiseConnection":false,"bypassConsent":false,"dataSets":{},"apiTier":"Standard","isCustomApiConnection":false,"actions":["Run"]}},"databaseReferences":{},"almMode":"Solution","performanceOptimizationEnabled":false,"canConsumeAppPass":false,"enableModernRuntimeMode":false,"executionRestrictions":{"isTeamsOnly":false,"dataLossPreventionEvaluationResult":{"status":"Compliant","lastEvaluationDate":"2025-01-11T03:45:53.1740146Z","violations":[],"violationsByPolicy":[],"violationErrorMessage":"The app uses the following connectors: shared_logicflows."},"httpActionRestriction":{"appUsesSharepointHttpAction":false,"enforcementStrategy":"Legacy","evaluationTime":"2025-01-11T03:45:53.1739489Z"}}},"appType":"ClassicCanvasApp","appComponents":[]}}