{"name":"9fc1d1e3-1b97-66a5-034a-a54e3564b7ef","id":"/providers/Microsoft.Flow/flows/9fc1d1e3-1b97-66a5-034a-a54e3564b7ef","type":"Microsoft.Flow/flows","properties":{"apiId":"/providers/Microsoft.PowerApps/apis/shared_logicflows","displayName":"InvQueryPowerAppsV2","definition":{"$schema":"https://schema.management.azure.com/providers/Microsoft.Logic/schemas/2016-06-01/workflowdefinition.json#","contentVersion":"1.0.0.0","parameters":{"$authentication":{"defaultValue":{},"type":"SecureObject"},"$connections":{"defaultValue":{},"type":"Object"}},"triggers":{"manual":{"metadata":{"operationMetadataId":"f9191f7a-1ed9-46d1-96c3-d9b29f8813c2"},"type":"Request","kind":"PowerAppV2","inputs":{"schema":{"type":"object","properties":{"text_3":{"title":"DataAreaId","type":"string","x-ms-dynamically-added":true,"description":"Please enter your input","x-ms-content-hint":"TEXT"},"text":{"description":"Please enter your input","title":"itemId","type":"string","x-ms-content-hint":"TEXT","x-ms-dynamically-added":true},"text_1":{"description":"Please enter your input","title":"InventSite","type":"string","x-ms-content-hint":"TEXT","x-ms-dynamically-added":true},"text_2":{"description":"Please enter your input","title":"locId","type":"string","x-ms-content-hint":"TEXT","x-ms-dynamically-added":true}},"required":["text_3","text"]}}}},"actions":{"Respond_to_a_Power_App_or_flow":{"runAfter":{"Condition":["Succeeded"]},"metadata":{"operationMetadataId":"52147777-ed2f-4175-9983-1e4fb461e4b9"},"type":"Response","kind":"PowerApp","inputs":{"schema":{"type":"object","properties":{"qty":{"title":"Qty","x-ms-dynamically-added":true,"type":"string"}},"additionalProperties":{}},"statusCode":200,"body":{"qty":"@{variables('jsonQty')}"}}},"Condition":{"actions":{"Compose":{"metadata":{"operationMetadataId":"8155280d-fda4-4875-a690-953d846d2a74"},"type":"Compose","inputs":{"filters":{"OrganizationId":["@triggerBody()['text_3']"],"ProductId":["@triggerBody()['text']"],"SiteId":["@if(equals(triggerBody()?['text_1'], null), '', triggerBody()?['text_1'])"],"LocationId":["@if(equals(triggerBody()?['text_2'], null), '', \r\ntriggerBody()?['text_2'])"]},"groupByValues":[],"returnNegative":true}},"Set_variable":{"runAfter":{"HTTP":["Succeeded"]},"type":"SetVariable","inputs":{"name":"jsonQty","value":"@body('HTTP')"}},"HTTP":{"runAfter":{"Compose":["Succeeded"]},"metadata":{"operationMetadataId":"cc684055-931d-43fe-a31a-d5c8a79d15dc"},"type":"Http","inputs":{"uri":"https://prod-27.centralindia.logic.azure.com:443/workflows/39cef0bf1d3b441099a754d74f3739c5/triggers/manual/paths/invoke?api-version=2016-06-01&sp=%2Ftriggers%2Fmanual%2Frun&sv=1.0&sig=Bydxa08C6zOrbSprlWMbTJqpcNz855Hd1ACOIwazrio","method":"POST","headers":{"content-type":"application/json"},"body":"@outputs('Compose')"}}},"runAfter":{"Initialize_variable":["Succeeded"]},"else":{"actions":{"Compose-null_site":{"metadata":{"operationMetadataId":"8155280d-fda4-4875-a690-953d846d2a74"},"type":"Compose","inputs":{"filters":{"OrganizationId":["@triggerBody()['text_3']"],"ProductId":["@triggerBody()['text']"]},"groupByValues":[],"returnNegative":true}},"HTTP-noSite_noLoc":{"runAfter":{"Compose-null_site":["Succeeded"]},"metadata":{"operationMetadataId":"cc684055-931d-43fe-a31a-d5c8a79d15dc"},"type":"Http","inputs":{"uri":"https://prod-27.centralindia.logic.azure.com:443/workflows/39cef0bf1d3b441099a754d74f3739c5/triggers/manual/paths/invoke?api-version=2016-06-01&sp=%2Ftriggers%2Fmanual%2Frun&sv=1.0&sig=Bydxa08C6zOrbSprlWMbTJqpcNz855Hd1ACOIwazrio","method":"POST","headers":{"content-type":"application/json"},"body":"@outputs('Compose-null_site')"}},"Set_variable_jsonBody_null_site,_location":{"runAfter":{"HTTP-noSite_noLoc":["Succeeded"]},"type":"SetVariable","inputs":{"name":"jsonQty","value":"@body('HTTP-noSite_noLoc')"}}}},"expression":{"and":[{"equals":["@empty(triggerBody()?['text_1'])",false]},{"equals":["@empty(triggerBody()?['text_2'])",false]}]},"type":"If"},"Initialize_variable":{"runAfter":{},"type":"InitializeVariable","inputs":{"variables":[{"name":"jsonQty","type":"float"}]}}},"outputs":{}},"connectionReferences":{},"flowFailureAlertSubscribed":false,"isManaged":false}}